,MRI-ESM2-0_r1i1p1f1,MRI-ESM2-0_r2i1p1f1,MRI-ESM2-0_r3i1p1f1,MRI-ESM2-0_r4i1p1f1,MRI-ESM2-0_r5i1p1f1
1,-4.272495357974185,0.4026519376966462,-3.647555521173854,-0.11396915519417235,-0.816867710085171
2,-1.4259832151672527,5.316997950075165,-3.2014966550657844,3.1176318352667294,-5.633163840747875
3,0.12005219414877502,-3.2770169371096927,-3.126686024243645,-6.095887132211828,-2.3327249133753867
4,-1.5434078060123284,0.7504449085206943,-0.7533522080717375,-2.076839928300069,6.8528807683525885
5,-0.22460108072755247,-2.0733481734125236,11.119662220933424,4.7916712992942845,-2.9985791398383297
6,0.3086481887015907,-1.7160212096030591,-1.6715773796708162,6.15517577397186,2.5677535296048517
7,5.864822564195947,0.4969096031962484,1.0675046394041299,-4.81481891069249,1.967251088405798
